_id;book_date;total_amount
00000F;2017-07-05 07:12:00+07;265700.00
000012;2017-07-14 13:02:00+07;37900.00
000068;2017-08-15 18:27:00+07;18100.00
000181;2017-08-10 17:28:00+07;131800.00
0002D8;2017-08-08 01:40:00+07;23600.00
0002DB;2017-07-29 10:30:00+07;101500.00
0002E0;2017-07-11 20:09:00+07;89600.00
0002F3;2017-07-10 09:31:00+07;69600.00
00034E;2017-08-04 20:52:00+07;73300.00
000352;2017-07-06 06:02:00+07;109500.00
000374;2017-08-12 14:13:00+07;136200.00
00044D;2017-07-30 04:24:00+07;6000.00
00044E;2017-07-17 09:39:00+07;140100.00
0004B0;2017-07-28 13:00:00+07;12000.00
0004E1;2017-07-31 21:34:00+07;139300.00
000511;2017-07-01 07:40:00+07;26700.00
00053F;2017-08-06 07:15:00+07;6000.00
00054E;2017-07-15 14:54:00+07;50700.00
0005E7;2017-07-03 13:25:00+07;28800.00
0005F4;2017-08-09 06:14:00+07;95400.00
0005FF;2017-07-18 07:27:00+07;56300.00
00067B;2017-07-12 06:35:00+07;296700.00
0006C3;2017-08-02 15:42:00+07;59400.00
0006F5;2017-08-05 02:10:00+07;80200.00
000735;2017-07-08 16:19:00+07;51900.00
000769;2017-07-08 22:05:00+07;32800.00
000784;2017-07-28 01:51:00+07;28800.00
0007A9;2017-07-14 12:17:00+07;43200.00
0007ED;2017-07-10 23:18:00+07;137700.00
0007FC;2017-07-04 16:09:00+07;75600.00
000836;2017-08-13 03:28:00+07;23400.00
000842;2017-07-10 02:55:00+07;81700.00
000859;2017-07-05 10:12:00+07;234800.00
000862;2017-08-07 18:23:00+07;45500.00
0008DF;2017-07-25 16:33:00+07;92400.00
0008F4;2017-08-01 04:33:00+07;28000.00
0008FD;2017-07-04 19:58:00+07;24400.00
000909;2017-08-01 08:30:00+07;99700.00
000917;2017-07-27 04:01:00+07;28000.00
00094B;2017-08-15 07:38:00+07;67000.00
00098F;2017-07-23 06:05:00+07;38600.00
000999;2017-07-23 09:37:00+07;31100.00
0009D5;2017-07-16 10:16:00+07;88900.00
0009ED;2017-07-08 18:25:00+07;14000.00
000A1E;2017-07-19 14:25:00+07;80000.00
000A39;2017-07-01 07:29:00+07;23400.00
000AA7;2017-07-14 02:15:00+07;59000.00
000AB3;2017-08-12 10:16:00+07;35400.00
000ADA;2017-07-19 16:06:00+07;124200.00
000B77;2017-07-01 06:39:00+07;68800.00
000B91;2017-07-30 17:41:00+07;24400.00
000B97;2017-07-21 00:32:00+07;101200.00
000BB3;2017-07-07 16:07:00+07;92800.00
000BD8;2017-08-04 23:12:00+07;51200.00
000BFF;2017-08-09 03:05:00+07;136800.00
000C28;2017-07-20 13:04:00+07;28800.00
000C2B;2017-07-28 08:52:00+07;28000.00
000D3C;2017-07-02 22:23:00+07;173500.00
000DBE;2017-07-07 14:20:00+07;149200.00
000DC5;2017-07-24 21:41:00+07;75800.00
000E07;2017-07-19 09:19:00+07;53200.00
000E3A;2017-07-16 00:45:00+07;67600.00
000EA2;2017-08-14 21:35:00+07;54800.00
000EFA;2017-08-13 02:01:00+07;23600.00
000F07;2017-08-01 10:15:00+07;40300.00
000F74;2017-07-12 02:20:00+07;66600.00
000F7D;2017-08-02 13:18:00+07;20600.00
000FAC;2017-07-09 22:30:00+07;168600.00
000FD6;2017-07-29 05:48:00+07;28700.00
00101D;2017-08-12 01:38:00+07;112400.00
00107C;2017-08-11 03:15:00+07;56000.00
001089;2017-08-10 22:47:00+07;46300.00
00111B;2017-07-09 18:30:00+07;29600.00
00114E;2017-08-01 16:17:00+07;6700.00
001164;2017-08-15 17:56:00+07;72400.00
001184;2017-07-27 19:00:00+07;38400.00
001191;2017-07-17 02:54:00+07;66600.00
0011A9;2017-07-31 06:22:00+07;135400.00
001233;2017-08-12 03:09:00+07;47000.00
001269;2017-07-06 06:07:00+07;30000.00
001273;2017-08-01 04:26:00+07;117900.00
00127A;2017-07-18 22:37:00+07;98000.00
0012C1;2017-07-05 09:43:00+07;26000.00
0012E3;2017-07-24 10:07:00+07;125700.00
00132C;2017-07-10 23:59:00+07;12600.00
00133E;2017-07-19 16:28:00+07;271100.00
00138A;2017-07-04 16:52:00+07;372500.00
001436;2017-07-01 18:10:00+07;101200.00
00144F;2017-07-20 12:06:00+07;94700.00
0014C1;2017-08-01 23:11:00+07;44000.00
0014E3;2017-07-08 07:11:00+07;16000.00
00150A;2017-08-08 23:16:00+07;36800.00
001547;2017-07-22 18:19:00+07;52000.00
001628;2017-07-15 14:59:00+07;813300.00
0016AD;2017-08-09 07:47:00+07;55100.00
0016BD;2017-07-16 05:27:00+07;59300.00
0016CB;2017-07-18 00:15:00+07;98400.00
0016D0;2017-07-11 06:12:00+07;52000.00
0016DE;2017-07-14 07:31:00+07;203400.00
001740;2017-08-09 06:04:00+07;73200.00
001751;2017-08-06 17:46:00+07;81300.00
00176F;2017-08-15 20:46:00+07;55800.00
001789;2017-07-19 15:40:00+07;43400.00
00178F;2017-07-10 11:13:00+07;26000.00
001820;2017-07-15 11:11:00+07;49500.00
001892;2017-08-11 20:13:00+07;6700.00
0018AB;2017-08-03 07:29:00+07;277600.00
0018E5;2017-08-04 23:02:00+07;67200.00
001932;2017-08-15 17:22:00+07;13200.00
00193F;2017-07-17 04:15:00+07;55800.00
0019EB;2017-08-12 04:09:00+07;39100.00
001A23;2017-07-18 07:30:00+07;87100.00
001A4A;2017-08-02 08:31:00+07;35900.00
001A6E;2017-07-03 22:06:00+07;21200.00
001A9F;2017-07-01 15:29:00+07;55800.00
001B68;2017-08-10 23:19:00+07;69700.00
001C10;2017-07-14 21:36:00+07;25200.00
001C4B;2017-07-28 05:57:00+07;28000.00
001C89;2017-07-14 11:41:00+07;42700.00
001D91;2017-07-07 04:05:00+07;14600.00
001D96;2017-08-11 16:24:00+07;57200.00
001D9D;2017-08-14 12:43:00+07;26800.00
001E66;2017-07-07 01:54:00+07;25800.00
001E72;2017-08-10 16:48:00+07;19600.00
001E92;2017-07-14 00:36:00+07;45100.00
001EA0;2017-08-12 14:31:00+07;18400.00
001ED4;2017-07-01 14:52:00+07;56000.00
001F08;2017-07-26 21:20:00+07;12700.00
001F1D;2017-08-06 18:49:00+07;29600.00
001F27;2017-08-03 23:10:00+07;39700.00
001FA1;2017-07-17 18:28:00+07;33000.00
001FA7;2017-08-02 04:02:00+07;73200.00
001FF3;2017-07-24 02:34:00+07;542200.00
002160;2017-07-06 22:02:00+07;31900.00
00216F;2017-07-01 20:24:00+07;47200.00
00218C;2017-07-07 23:39:00+07;17000.00
002193;2017-08-10 06:45:00+07;28000.00
0021AA;2017-08-13 16:52:00+07;45100.00
002284;2017-08-05 14:54:00+07;266400.00
002289;2017-07-07 14:50:00+07;123000.00
00229F;2017-08-12 18:42:00+07;58200.00
0022B4;2017-08-13 23:32:00+07;245300.00
002316;2017-08-15 11:31:00+07;257500.00
002365;2017-07-26 13:58:00+07;20200.00
00236B;2017-07-17 01:01:00+07;23400.00
002371;2017-08-10 06:52:00+07;19200.00
00239A;2017-07-02 06:23:00+07;42700.00
00240A;2017-08-05 14:49:00+07;58800.00
002427;2017-07-03 14:17:00+07;23400.00
0024CD;2017-07-24 02:51:00+07;8200.00
00255C;2017-08-01 05:44:00+07;77600.00
0025F1;2017-07-10 19:15:00+07;75600.00
0026F8;2017-06-26 01:15:00+07;58200.00
002705;2017-07-12 06:33:00+07;68900.00
002746;2017-07-18 01:07:00+07;230400.00
00274A;2017-07-23 21:10:00+07;22000.00
002752;2017-07-29 07:51:00+07;147100.00
002775;2017-08-05 01:16:00+07;96200.00
002822;2017-08-04 17:53:00+07;24800.00
002865;2017-07-26 19:41:00+07;31400.00
00287A;2017-07-04 15:08:00+07;72400.00
00297D;2017-08-09 03:19:00+07;25000.00
0029AE;2017-07-23 19:13:00+07;24800.00
0029C1;2017-07-08 06:22:00+07;56000.00
0029D3;2017-08-07 20:12:00+07;397300.00
0029F9;2017-06-30 05:45:00+07;58600.00
002ACE;2017-08-11 00:36:00+07;42800.00
002AF1;2017-08-02 16:57:00+07;123000.00
002B46;2017-08-13 04:49:00+07;11300.00
002B8A;2017-07-09 21:03:00+07;122600.00
002B8F;2017-07-14 13:12:00+07;34000.00
002BB2;2017-08-11 01:39:00+07;28000.00
002BED;2017-08-03 00:40:00+07;52800.00
002C5A;2017-08-14 19:18:00+07;54800.00
002CC4;2017-07-09 17:17:00+07;40000.00
002D3A;2017-07-19 16:22:00+07;23200.00
002DC9;2017-08-08 13:35:00+07;54200.00
002E15;2017-07-27 23:10:00+07;19600.00
002E3A;2017-07-29 06:10:00+07;393000.00
002EA0;2017-08-12 14:37:00+07;39200.00
002EA6;2017-07-30 07:59:00+07;13600.00
002EED;2017-07-30 16:19:00+07;133200.00
002F39;2017-07-19 21:14:00+07;136200.00
002F5F;2017-07-29 07:00:00+07;21600.00
002F96;2017-07-30 16:35:00+07;69400.00
002F9D;2017-07-03 16:59:00+07;25000.00
002FDC;2017-07-24 20:19:00+07;24400.00
002FE3;2017-08-06 01:28:00+07;123000.00
003096;2017-07-24 03:55:00+07;73200.00
00314B;2017-08-14 09:52:00+07;284400.00
0031D2;2017-08-15 21:27:00+07;24200.00
0031D9;2017-08-09 16:28:00+07;112000.00
003241;2017-07-12 12:04:00+07;12000.00
003270;2017-07-18 05:18:00+07;44800.00
003272;2017-07-21 21:22:00+07;66000.00
0032A3;2017-07-08 07:29:00+07;46300.00
003389;2017-07-15 19:19:00+07;122600.00
00338E;2017-07-10 05:02:00+07;55800.00
0033A2;2017-08-01 00:29:00+07;65900.00
00347F;2017-07-30 01:06:00+07;170000.00
0034BB;2017-07-03 06:44:00+07;48600.00
00355C;2017-07-12 12:20:00+07;70500.00
0035B5;2017-08-03 05:27:00+07;29600.00
0035C0;2017-07-10 18:31:00+07;102300.00
0035CC;2017-07-20 10:08:00+07;28800.00
0035EC;2017-08-05 23:38:00+07;52400.00
0035EF;2017-07-11 10:17:00+07;56600.00
003610;2017-07-12 04:52:00+07;203100.00
003623;2017-08-03 18:38:00+07;111600.00
00362F;2017-07-14 01:29:00+07;27400.00
003673;2017-07-09 08:49:00+07;60000.00
003699;2017-07-15 06:01:00+07;93900.00
0036FA;2017-07-14 02:12:00+07;133200.00
003743;2017-07-12 01:30:00+07;52100.00
00380F;2017-07-08 09:45:00+07;37200.00
0038C7;2017-07-31 13:39:00+07;124200.00
00391F;2017-07-30 04:46:00+07;294200.00
003936;2017-07-03 15:55:00+07;47200.00
00395B;2017-07-22 08:08:00+07;136500.00
003974;2017-07-28 17:55:00+07;246000.00
0039D4;2017-08-01 01:58:00+07;29600.00
003BC1;2017-07-04 03:37:00+07;43200.00
003C2F;2017-07-16 23:33:00+07;214100.00
003CF9;2017-07-16 18:10:00+07;10600.00
003D47;2017-07-16 01:46:00+07;21600.00
003D63;2017-08-12 06:17:00+07;36200.00
003D83;2017-08-15 21:06:00+07;36000.00
003D96;2017-08-15 08:18:00+07;65300.00
003E25;2017-08-10 22:37:00+07;16400.00
003E4E;2017-07-24 05:45:00+07;92000.00
003E84;2017-07-19 17:24:00+07;188000.00
003EB0;2017-07-05 15:25:00+07;16400.00
003EB8;2017-08-15 01:40:00+07;48500.00
003FA5;2017-08-11 00:19:00+07;6300.00
00409D;2017-08-14 15:26:00+07;93300.00
0041E6;2017-07-12 05:41:00+07;40900.00
004251;2017-07-15 21:53:00+07;31400.00
00427E;2017-08-06 19:43:00+07;132800.00
0042EF;2017-08-02 11:00:00+07;30800.00
00431A;2017-07-27 06:05:00+07;19600.00
004346;2017-07-06 13:46:00+07;270000.00
00434B;2017-08-12 16:44:00+07;26800.00
004364;2017-07-14 22:30:00+07;22000.00
004380;2017-07-06 16:41:00+07;61800.00
004382;2017-07-31 06:55:00+07;11600.00
00438B;2017-07-11 00:24:00+07;85000.00
004391;2017-08-12 08:29:00+07;28000.00
0043FB;2017-08-10 13:30:00+07;23200.00
004403;2017-08-15 07:44:00+07;94000.00
004428;2017-08-07 16:19:00+07;94300.00
004486;2017-07-02 11:21:00+07;70800.00
0044ED;2017-08-09 02:43:00+07;93900.00
0044FE;2017-07-29 11:15:00+07;69400.00
004554;2017-07-20 23:50:00+07;27900.00
004561;2017-07-22 04:07:00+07;19600.00
0045A7;2017-07-17 12:42:00+07;23600.00
0045DB;2017-07-09 06:33:00+07;119700.00
0045DE;2017-07-18 02:45:00+07;101200.00
004619;2017-08-09 19:48:00+07;96800.00
00462F;2017-07-30 11:10:00+07;57800.00
004637;2017-07-18 07:18:00+07;34000.00
004666;2017-08-14 14:45:00+07;53700.00
00467E;2017-07-14 00:33:00+07;72800.00
004690;2017-08-02 02:54:00+07;40600.00
0046B5;2017-08-13 09:46:00+07;85000.00
0046CE;2017-08-05 06:55:00+07;60100.00
00471D;2017-07-24 11:16:00+07;26800.00
004866;2017-08-12 10:47:00+07;31400.00
0048C4;2017-07-23 02:22:00+07;62000.00
00497A;2017-08-12 12:21:00+07;61800.00
004980;2017-07-18 13:32:00+07;204200.00
0049B5;2017-08-11 09:20:00+07;129700.00
0049CB;2017-08-12 22:14:00+07;56000.00
004A02;2017-07-22 08:19:00+07;55800.00
004A14;2017-08-04 11:59:00+07;28000.00
004A54;2017-07-03 12:13:00+07;15100.00
004A87;2017-07-02 15:05:00+07;29400.00
004A9F;2017-07-29 22:36:00+07;56000.00
004B38;2017-07-16 17:45:00+07;20000.00
004B5C;2017-07-17 21:28:00+07;23500.00
004B6A;2017-07-18 15:57:00+07;55800.00
004B72;2017-08-09 21:26:00+07;57600.00
004B7B;2017-07-25 11:15:00+07;111600.00
004B8E;2017-08-08 02:54:00+07;135600.00
004BC5;2017-07-03 06:59:00+07;66600.00
004C1C;2017-08-10 01:43:00+07;67600.00
004C21;2017-08-15 02:35:00+07;25600.00
004C3F;2017-07-12 09:10:00+07;69500.00
004C69;2017-08-02 18:40:00+07;62000.00
004C8E;2017-07-16 04:23:00+07;65600.00
004C90;2017-07-25 18:03:00+07;64800.00
004C98;2017-07-06 21:27:00+07;57600.00
004D0D;2017-07-07 21:57:00+07;111600.00
004DF7;2017-06-30 09:12:00+07;72300.00
004E04;2017-08-05 12:34:00+07;93200.00
004E44;2017-07-22 16:44:00+07;140000.00
004EC8;2017-07-24 07:42:00+07;132800.00
004EDA;2017-07-05 05:55:00+07;172700.00
004FC8;2017-07-23 09:47:00+07;58400.00
005069;2017-07-03 00:35:00+07;67600.00
00519C;2017-08-10 04:26:00+07;167000.00
0051D5;2017-07-26 02:48:00+07;38800.00
0051D8;2017-07-15 20:29:00+07;23600.00
0051DC;2017-08-15 08:10:00+07;269300.00
005355;2017-07-15 11:21:00+07;133100.00
00535D;2017-08-13 23:21:00+07;19800.00
005380;2017-07-18 19:12:00+07;14400.00
005492;2017-08-11 22:13:00+07;142400.00
00551A;2017-07-25 17:32:00+07;6400.00
005558;2017-06-27 07:02:00+07;28000.00
00556D;2017-07-25 18:08:00+07;68200.00
00558F;2017-08-09 23:38:00+07;28000.00
0055D7;2017-07-21 02:10:00+07;34000.00
005684;2017-07-18 19:48:00+07;58800.00
005696;2017-07-15 00:23:00+07;14000.00
0056B0;2017-07-03 04:57:00+07;28800.00
0056FA;2017-07-10 16:36:00+07;26800.00
005706;2017-08-05 07:22:00+07;57900.00
00571B;2017-07-20 08:40:00+07;468000.00
005769;2017-08-15 06:39:00+07;123600.00
00579F;2017-08-12 09:18:00+07;19600.00
0057D4;2017-07-28 15:45:00+07;206400.00
0057F8;2017-06-28 18:33:00+07;20200.00
00597A;2017-07-22 04:35:00+07;92800.00
0059AA;2017-07-19 18:47:00+07;6200.00
0059D4;2017-07-15 20:48:00+07;14400.00
0059E8;2017-07-10 20:38:00+07;69500.00
005A18;2017-07-29 14:27:00+07;134800.00
005A30;2017-08-14 18:48:00+07;26700.00
005AFA;2017-07-20 16:39:00+07;22600.00
005B3C;2017-07-29 03:48:00+07;67600.00
005BD6;2017-08-07 11:09:00+07;58000.00
005BFF;2017-08-12 01:11:00+07;45200.00
005C0B;2017-07-06 05:25:00+07;269600.00
005C0D;2017-08-02 16:08:00+07;88200.00
005C47;2017-07-26 08:40:00+07;28000.00
005C6C;2017-08-06 23:33:00+07;14400.00
005D11;2017-07-30 16:56:00+07;62000.00
005D5D;2017-08-14 19:08:00+07;53700.00
005E40;2017-07-25 09:06:00+07;6800.00
005E4E;2017-08-14 15:43:00+07;43500.00
005EBE;2017-07-09 15:03:00+07;134400.00
005EC4;2017-07-17 14:31:00+07;21800.00
005F02;2017-07-12 08:51:00+07;23200.00
005F35;2017-07-28 23:44:00+07;68800.00
005FBD;2017-07-01 10:38:00+07;29400.00
00603D;2017-07-16 17:39:00+07;99200.00
006081;2017-07-19 05:19:00+07;90800.00
006084;2017-07-23 22:54:00+07;57600.00
0060D3;2017-07-05 22:28:00+07;52900.00
00610D;2017-07-05 05:49:00+07;103200.00
006132;2017-07-02 20:40:00+07;171100.00
00613D;2017-07-25 19:17:00+07;68800.00
006149;2017-07-21 04:07:00+07;37100.00
006151;2017-08-02 06:10:00+07;34300.00
006157;2017-07-12 06:03:00+07;103200.00
006170;2017-07-26 22:22:00+07;17800.00
0061B4;2017-07-03 17:17:00+07;43600.00
00625D;2017-08-02 16:22:00+07;112000.00
0062DB;2017-08-05 05:05:00+07;34000.00
0062E8;2017-07-11 18:33:00+07;42400.00
006306;2017-08-04 18:43:00+07;29800.00
00635C;2017-07-13 06:47:00+07;13600.00
0063B3;2017-08-10 22:53:00+07;69500.00
0063CA;2017-08-04 07:39:00+07;29400.00
006404;2017-07-04 23:21:00+07;184300.00
006485;2017-07-12 20:59:00+07;37900.00
006498;2017-08-13 16:44:00+07;100600.00
0064D1;2017-08-15 06:09:00+07;65300.00
0064DD;2017-07-21 02:15:00+07;67600.00
0064E3;2017-08-12 10:43:00+07;42800.00
0065DC;2017-08-12 14:44:00+07;19600.00
006603;2017-08-14 04:17:00+07;153300.00
006624;2017-08-11 07:39:00+07;99700.00
00662A;2017-07-30 11:06:00+07;38400.00
0066BE;2017-07-29 23:45:00+07;40800.00
006704;2017-08-14 14:44:00+07;65900.00
006713;2017-07-28 19:09:00+07;46800.00
00673C;2017-08-12 22:47:00+07;87100.00
006837;2017-07-22 23:23:00+07;131100.00
006885;2017-07-24 21:54:00+07;52000.00
006906;2017-07-30 17:46:00+07;339300.00
00697B;2017-07-30 12:24:00+07;220800.00
0069AE;2017-08-05 01:34:00+07;8200.00
006B01;2017-08-04 03:35:00+07;69600.00
006B2A;2017-07-28 11:06:00+07;49800.00
006B6D;2017-07-05 17:58:00+07;84000.00
006B99;2017-08-09 00:47:00+07;14800.00
006BA1;2017-07-10 19:35:00+07;12600.00
006BAA;2017-07-11 16:01:00+07;28800.00
006BFD;2017-07-13 21:51:00+07;199700.00
006C55;2017-07-14 11:05:00+07;62600.00
006C5C;2017-07-31 11:45:00+07;81900.00
006CBB;2017-08-14 21:54:00+07;73600.00
006CC4;2017-07-12 12:20:00+07;6000.00
006D1A;2017-07-25 15:32:00+07;78200.00
006D45;2017-07-22 15:23:00+07;24400.00
006D5C;2017-07-23 02:04:00+07;40000.00
006D91;2017-07-26 02:20:00+07;66400.00
006E4E;2017-08-07 14:25:00+07;398500.00
006E64;2017-08-02 12:41:00+07;111600.00
006EEC;2017-07-22 05:41:00+07;62700.00
006F16;2017-08-05 15:00:00+07;28000.00
006F53;2017-08-14 23:28:00+07;16400.00
006F73;2017-08-05 04:35:00+07;28800.00
006FB9;2017-07-10 22:56:00+07;100600.00
006FBF;2017-07-30 07:49:00+07;21800.00
006FFF;2017-07-06 08:58:00+07;44000.00
00704E;2017-07-25 10:49:00+07;386300.00
007066;2017-07-20 08:37:00+07;46000.00
007085;2017-07-29 19:59:00+07;265800.00
0070BD;2017-07-11 12:32:00+07;115700.00
0070DF;2017-08-10 18:06:00+07;188000.00
0070F5;2017-07-01 02:05:00+07;62600.00
00711E;2017-07-30 07:58:00+07;20200.00
00717E;2017-07-01 13:26:00+07;34000.00
0071AE;2017-07-21 04:42:00+07;46400.00
0071C1;2017-08-09 14:52:00+07;6000.00
007225;2017-07-17 01:43:00+07;39500.00
007232;2017-07-28 10:12:00+07;72400.00
007247;2017-07-27 10:42:00+07;167500.00
00724C;2017-07-22 05:46:00+07;114200.00
007264;2017-08-11 02:11:00+07;18000.00
0072A0;2017-07-07 21:26:00+07;67600.00
0072B1;2017-07-29 06:54:00+07;32700.00
007322;2017-08-03 15:44:00+07;40800.00
00737B;2017-07-10 12:58:00+07;75600.00
007382;2017-07-07 01:29:00+07;26200.00
0073C5;2017-07-07 23:14:00+07;47400.00
0073CF;2017-08-08 11:59:00+07;31000.00
0073D3;2017-07-20 09:51:00+07;131600.00
007407;2017-08-02 08:09:00+07;66000.00
00742A;2017-07-31 12:40:00+07;48800.00
00742E;2017-07-22 22:09:00+07;117200.00
007477;2017-07-12 06:35:00+07;46000.00
0074B9;2017-08-11 05:09:00+07;85600.00
0074DE;2017-07-10 03:39:00+07;40400.00
00752A;2017-08-10 06:55:00+07;283100.00
007602;2017-07-04 06:14:00+07;284400.00
007621;2017-07-16 20:55:00+07;56000.00
007624;2017-08-06 23:24:00+07;31600.00
007638;2017-07-28 07:57:00+07;43500.00
007649;2017-08-01 01:39:00+07;39300.00
0076CE;2017-07-20 09:37:00+07;12600.00
00770C;2017-08-15 00:51:00+07;19600.00
007784;2017-08-04 07:12:00+07;37900.00
0077E1;2017-07-14 19:19:00+07;6000.00
0077FC;2017-08-02 21:23:00+07;31600.00
00794E;2017-07-05 22:37:00+07;13600.00
007989;2017-08-12 17:32:00+07;26000.00
0079F6;2017-07-08 06:16:00+07;28000.00
007A31;2017-08-06 03:41:00+07;62000.00
007A53;2017-07-08 02:11:00+07;112400.00
007A89;2017-07-14 22:46:00+07;122600.00
007AD1;2017-07-08 17:17:00+07;36700.00
007B9B;2017-07-07 00:14:00+07;24200.00
007BE6;2017-07-13 18:21:00+07;56900.00
007C00;2017-07-27 01:34:00+07;52900.00
007C0D;2017-07-13 16:41:00+07;86300.00
007C11;2017-08-05 18:04:00+07;189800.00
007C4E;2017-08-10 14:28:00+07;265600.00
007C7D;2017-07-09 16:57:00+07;77600.00
007CA7;2017-07-29 07:51:00+07;7400.00
007DBF;2017-07-28 11:54:00+07;40800.00
007DE7;2017-07-11 00:28:00+07;46400.00
007DF3;2017-08-04 10:14:00+07;246000.00
007E54;2017-07-28 20:30:00+07;49100.00
007E78;2017-07-06 01:43:00+07;75300.00
007EE9;2017-07-31 18:36:00+07;55800.00
007F37;2017-07-29 14:24:00+07;280500.00
007F74;2017-07-19 15:01:00+07;23400.00
007F94;2017-08-13 11:02:00+07;66600.00
007FA8;2017-07-24 00:55:00+07;47200.00
007FD3;2017-08-08 15:10:00+07;67600.00
007FF3;2017-07-14 18:46:00+07;100700.00
007FFF;2017-07-13 09:32:00+07;56600.00
0080AB;2017-07-10 07:26:00+07;56900.00
0080FD;2017-07-07 11:34:00+07;36200.00
008130;2017-08-07 15:49:00+07;88800.00
00813F;2017-07-25 00:47:00+07;58400.00
00817F;2017-08-14 12:58:00+07;61900.00
008182;2017-07-14 06:09:00+07;31600.00
008191;2017-08-08 15:38:00+07;73300.00
0081C5;2017-07-13 08:37:00+07;27700.00
0081CA;2017-08-12 19:44:00+07;114700.00
008205;2017-08-15 11:56:00+07;36200.00
00823B;2017-07-16 01:09:00+07;26200.00
008279;2017-07-03 18:10:00+07;52900.00
0082C6;2017-07-12 21:56:00+07;76700.00
0082F8;2017-07-30 02:05:00+07;61800.00
00840C;2017-07-28 09:38:00+07;70700.00
008417;2017-07-03 09:32:00+07;55800.00
008441;2017-08-03 06:04:00+07;14000.00
008461;2017-07-01 13:58:00+07;52000.00
008462;2017-07-12 19:53:00+07;23200.00
00849B;2017-08-04 04:28:00+07;89700.00
0084AB;2017-07-24 22:01:00+07;59900.00
0084D4;2017-07-20 16:17:00+07;425500.00
008577;2017-07-27 01:06:00+07;40300.00
0085C7;2017-07-05 05:51:00+07;46400.00
0085DF;2017-07-05 10:24:00+07;168000.00
0085F1;2017-07-20 06:18:00+07;48700.00
0085F5;2017-07-04 06:55:00+07;36200.00
00860F;2017-07-28 18:16:00+07;31600.00
008612;2017-08-04 02:07:00+07;30400.00
0086F0;2017-08-10 15:49:00+07;265200.00
008712;2017-07-24 00:34:00+07;51600.00
008738;2017-07-15 18:53:00+07;23200.00
00878B;2017-07-26 22:10:00+07;64400.00
008791;2017-07-26 11:27:00+07;6000.00
0087C1;2017-06-26 17:43:00+07;28000.00
0087F3;2017-07-28 13:29:00+07;58400.00
0087F5;2017-08-04 16:44:00+07;122700.00
008805;2017-07-20 22:53:00+07;38800.00
008822;2017-06-30 01:33:00+07;64500.00
00885A;2017-08-01 11:21:00+07;55800.00
0088C7;2017-07-03 08:29:00+07;16400.00
008927;2017-08-12 20:55:00+07;117600.00
00893C;2017-07-08 04:18:00+07;32800.00
008978;2017-07-15 12:56:00+07;66600.00
0089F8;2017-07-16 23:47:00+07;257600.00
008A31;2017-06-28 16:12:00+07;56000.00
008A35;2017-08-15 12:55:00+07;38200.00
008A75;2017-08-06 16:43:00+07;90300.00
008A80;2017-08-11 09:55:00+07;90200.00
008B02;2017-07-16 20:54:00+07;52000.00
008B2D;2017-07-16 20:11:00+07;14000.00
008B45;2017-08-06 11:05:00+07;92800.00
008B47;2017-07-11 21:50:00+07;26000.00
008B53;2017-07-28 19:27:00+07;277800.00
008B8B;2017-08-07 18:42:00+07;266400.00
008BBC;2017-07-22 08:09:00+07;139300.00
008C12;2017-07-02 08:51:00+07;59200.00
008C21;2017-07-02 18:05:00+07;116400.00
008C35;2017-08-13 22:16:00+07;14000.00
008CAC;2017-07-07 08:10:00+07;75300.00
008CB6;2017-07-10 08:10:00+07;39500.00
008D61;2017-07-11 00:38:00+07;115600.00
008D90;2017-08-05 00:02:00+07;122800.00
008DB1;2017-07-27 09:48:00+07;88600.00
008DC5;2017-07-10 19:42:00+07;32700.00
008E4E;2017-07-03 05:38:00+07;531300.00
008E62;2017-07-03 18:36:00+07;13400.00
008ED3;2017-07-13 12:09:00+07;46400.00
008F21;2017-08-03 10:32:00+07;40600.00
008F67;2017-08-07 16:15:00+07;52800.00
008FD0;2017-08-11 14:33:00+07;52900.00
008FD2;2017-07-14 08:22:00+07;37900.00
00903C;2017-07-04 15:38:00+07;22100.00
009063;2017-07-10 03:33:00+07;542300.00
009091;2017-07-16 15:48:00+07;46400.00
009099;2017-07-17 18:09:00+07;106200.00
0090A5;2017-07-11 09:14:00+07;167200.00
0090C4;2017-07-30 15:21:00+07;104800.00
0090CF;2017-07-22 08:33:00+07;86300.00
0090DA;2017-06-29 05:11:00+07;125400.00
0090FE;2017-07-14 13:34:00+07;25600.00
0091C5;2017-07-29 23:49:00+07;46000.00
009228;2017-08-02 04:12:00+07;6000.00
00923E;2017-07-28 21:57:00+07;48800.00
0092B6;2017-07-15 12:44:00+07;36200.00
00934F;2017-07-23 10:18:00+07;38800.00
00937F;2017-07-02 10:24:00+07;95600.00
0093B2;2017-07-29 07:16:00+07;20800.00
0093C5;2017-08-14 04:38:00+07;65900.00
0093E2;2017-07-31 06:58:00+07;32800.00
009431;2017-07-30 07:35:00+07;23200.00
009434;2017-08-13 15:42:00+07;41900.00
0094C4;2017-08-06 18:37:00+07;372500.00
00955F;2017-08-01 00:41:00+07;63200.00
0095A3;2017-08-12 05:01:00+07;132800.00
009612;2017-07-18 04:05:00+07;40800.00
009624;2017-07-18 03:09:00+07;131000.00
00967F;2017-07-25 02:36:00+07;123000.00
0096E3;2017-07-05 23:47:00+07;174900.00
009709;2017-07-25 09:51:00+07;155600.00
00970E;2017-08-15 11:59:00+07;395100.00
00970F;2017-07-15 22:16:00+07;56000.00
00973C;2017-08-06 14:16:00+07;147700.00
00975D;2017-08-01 17:30:00+07;58700.00
0097BD;2017-07-09 02:07:00+07;49500.00
009814;2017-07-21 09:45:00+07;139400.00
00982B;2017-07-15 14:45:00+07;146400.00
009852;2017-08-06 17:54:00+07;76600.00
009884;2017-07-06 10:26:00+07;44600.00
0098A2;2017-07-28 07:13:00+07;12700.00
0098BD;2017-08-13 15:26:00+07;32700.00
009954;2017-08-05 02:06:00+07;56000.00
0099A2;2017-07-18 12:02:00+07;26200.00
0099A9;2017-07-18 09:34:00+07;28800.00
009A5B;2017-08-05 20:21:00+07;35200.00
009A73;2017-07-25 13:29:00+07;139400.00
009AAD;2017-08-12 20:52:00+07;54500.00
009AB8;2017-07-23 16:05:00+07;75300.00
009AE0;2017-08-10 20:36:00+07;29400.00
009AE2;2017-07-14 08:49:00+07;61700.00
009B09;2017-07-09 02:54:00+07;135200.00
009BC1;2017-08-10 16:13:00+07;364600.00
009BEA;2017-08-12 19:42:00+07;52400.00
009C62;2017-07-02 15:39:00+07;74300.00
009C73;2017-08-09 02:03:00+07;24400.00
009C80;2017-07-11 12:01:00+07;79200.00
009C82;2017-07-29 07:45:00+07;6000.00
009CF6;2017-08-08 03:50:00+07;92000.00
009D9C;2017-07-02 06:44:00+07;22200.00
009DD6;2017-07-09 15:36:00+07;81600.00
009E4D;2017-06-29 23:44:00+07;117600.00
009EF9;2017-07-14 23:32:00+07;89100.00
009EFC;2017-07-11 09:29:00+07;28800.00
009FC6;2017-07-07 23:15:00+07;210000.00
009FD3;2017-08-14 11:15:00+07;10800.00
00A027;2017-07-07 23:53:00+07;64400.00
00A036;2017-07-14 21:14:00+07;64900.00
00A099;2017-08-10 19:26:00+07;39300.00
00A11C;2017-07-25 01:18:00+07;132800.00
00A164;2017-08-13 20:21:00+07;46300.00
00A165;2017-07-16 06:38:00+07;16400.00
00A179;2017-07-18 12:30:00+07;36200.00
00A210;2017-08-10 12:10:00+07;234200.00
00A251;2017-08-06 05:41:00+07;52700.00
00A27A;2017-07-14 00:39:00+07;23200.00
00A296;2017-07-04 23:03:00+07;111700.00
00A297;2017-07-25 08:25:00+07;24800.00
00A2B7;2017-07-12 03:58:00+07;265700.00
00A2B8;2017-07-06 14:23:00+07;40800.00
00A2BC;2017-08-02 06:40:00+07;66700.00
00A36E;2017-08-01 21:06:00+07;56000.00
00A39B;2017-06-30 23:00:00+07;99300.00
00A3C2;2017-08-04 12:20:00+07;80000.00
00A3E0;2017-07-12 12:45:00+07;49600.00
00A404;2017-07-11 13:35:00+07;96300.00
00A421;2017-07-29 06:21:00+07;67700.00
00A48B;2017-07-11 23:29:00+07;50000.00
00A48F;2017-07-01 21:40:00+07;62800.00
00A59D;2017-08-05 23:09:00+07;16400.00
00A5B1;2017-07-19 06:08:00+07;147100.00
00A614;2017-07-20 05:26:00+07;133200.00
00A672;2017-07-20 19:49:00+07;25600.00
00A676;2017-08-01 10:58:00+07;136200.00
00A69C;2017-08-08 20:15:00+07;137100.00
00A778;2017-08-09 10:48:00+07;99300.00
00A7BA;2017-07-29 05:22:00+07;130400.00
00A7CA;2017-08-08 16:05:00+07;64400.00
00A7FF;2017-07-13 20:38:00+07;23600.00
00A82C;2017-07-12 06:07:00+07;95600.00
00A85A;2017-07-25 18:49:00+07;303300.00
00A8C8;2017-07-30 04:03:00+07;31600.00
00A8F6;2017-07-10 00:31:00+07;90800.00
00A947;2017-07-21 05:32:00+07;24800.00
00A94E;2017-07-19 20:37:00+07;72300.00
00A95D;2017-08-07 05:33:00+07;369000.00
00A968;2017-07-15 08:15:00+07;50800.00
00A96B;2017-07-12 09:37:00+07;90100.00
00A970;2017-07-12 13:35:00+07;92600.00
00A9AF;2017-08-01 10:43:00+07;37900.00
00A9B6;2017-07-24 09:41:00+07;99200.00
00A9F5;2017-07-03 21:40:00+07;71100.00
00AAD8;2017-07-26 04:16:00+07;24600.00
00AB87;2017-07-21 13:05:00+07;258400.00
00ABC2;2017-08-07 21:31:00+07;46800.00
00ABE4;2017-07-07 01:28:00+07;76900.00
00ABE9;2017-07-16 15:42:00+07;67600.00
00AC32;2017-07-16 04:38:00+07;19600.00
00AC52;2017-07-19 07:27:00+07;15400.00
00AC6D;2017-07-07 03:01:00+07;58800.00
00AC94;2017-07-13 06:41:00+07;54500.00
00ACC1;2017-08-10 05:44:00+07;25200.00
00AD0A;2017-07-09 18:49:00+07;369000.00
00AD37;2017-07-13 23:12:00+07;47100.00
00AD72;2017-07-24 05:56:00+07;51300.00
00ADDF;2017-07-13 18:37:00+07;46400.00
00AE01;2017-07-20 09:02:00+07;18600.00
00AEA8;2017-07-30 04:16:00+07;40400.00
00AEE1;2017-08-13 02:27:00+07;81700.00
00AEE8;2017-08-14 12:14:00+07;110200.00
00AEFF;2017-07-30 08:39:00+07;36200.00
00AFED;2017-07-07 07:42:00+07;54500.00
00AFF6;2017-08-10 08:14:00+07;87800.00
00B094;2017-08-02 23:38:00+07;271100.00
00B09E;2017-07-03 19:35:00+07;66600.00
00B116;2017-08-12 10:31:00+07;58000.00
00B161;2017-07-24 02:05:00+07;33300.00
00B168;2017-07-08 05:05:00+07;7400.00
00B199;2017-07-26 18:21:00+07;59800.00
00B22C;2017-08-05 18:12:00+07;40000.00
00B241;2017-07-04 05:45:00+07;89600.00
00B2A0;2017-08-08 14:32:00+07;12000.00
00B2BC;2017-07-17 22:59:00+07;25900.00
00B2D0;2017-07-27 07:16:00+07;207200.00
00B2FC;2017-08-01 12:23:00+07;133100.00
00B2FD;2017-08-05 08:45:00+07;24400.00
00B31B;2017-08-15 17:06:00+07;46300.00
00B347;2017-08-13 15:01:00+07;6800.00
00B36C;2017-08-05 14:56:00+07;131600.00
00B3A3;2017-07-23 12:26:00+07;25600.00
00B3EA;2017-07-26 08:30:00+07;31400.00
00B407;2017-07-05 11:17:00+07;31000.00
00B44B;2017-07-23 08:22:00+07;114400.00
00B45B;2017-07-18 10:56:00+07;40800.00
00B49E;2017-07-12 22:58:00+07;9200.00
00B4B4;2017-07-22 20:29:00+07;21800.00
00B4BB;2017-07-16 13:38:00+07;265700.00
00B525;2017-07-08 02:45:00+07;187800.00
00B550;2017-07-17 19:33:00+07;8000.00
00B55B;2017-07-24 17:15:00+07;185300.00
00B5BC;2017-08-05 07:43:00+07;20400.00
00B61C;2017-07-16 01:10:00+07;79800.00
00B629;2017-07-09 22:40:00+07;14700.00
00B6FE;2017-07-16 09:35:00+07;28700.00
00B70C;2017-07-22 06:47:00+07;23200.00
00B74D;2017-07-28 23:46:00+07;58800.00
00B76F;2017-07-08 12:04:00+07;528000.00
00B798;2017-07-02 01:39:00+07;12400.00
00B7E6;2017-08-07 12:50:00+07;111600.00
00B811;2017-07-30 10:29:00+07;100000.00
00B8B9;2017-08-01 13:28:00+07;13400.00
00B920;2017-07-07 10:30:00+07;93900.00
00B99F;2017-07-10 09:16:00+07;126000.00
00B9A7;2017-07-12 01:35:00+07;26000.00
00B9BF;2017-08-02 04:22:00+07;179300.00
00BA65;2017-08-11 03:08:00+07;153300.00
00BAB4;2017-08-04 00:57:00+07;35800.00
00BACA;2017-07-27 02:35:00+07;30400.00
00BADF;2017-08-14 09:37:00+07;26700.00
00BAF7;2017-07-24 08:30:00+07;49400.00
00BB10;2017-07-03 12:56:00+07;38200.00
00BB3B;2017-07-21 18:13:00+07;57800.00
00BBC5;2017-07-05 11:11:00+07;50300.00
00BBCD;2017-08-05 06:06:00+07;75200.00
00BBF4;2017-07-24 11:27:00+07;21400.00
00BC4F;2017-07-28 19:30:00+07;33100.00
00BC7A;2017-07-27 13:44:00+07;111600.00
00BC84;2017-07-07 10:31:00+07;66600.00
00BC8A;2017-07-05 12:38:00+07;86500.00
00BCCA;2017-07-07 07:32:00+07;180000.00
00BCEC;2017-07-08 16:41:00+07;102100.00
00BDA8;2017-08-04 22:12:00+07;51600.00
00BDAD;2017-07-09 06:51:00+07;18000.00
00BDF1;2017-07-22 07:36:00+07;28800.00
00BDF3;2017-07-12 23:08:00+07;28800.00
00BE07;2017-07-13 03:32:00+07;115200.00
00BEEA;2017-07-28 13:57:00+07;92700.00
00BEEF;2017-07-05 01:18:00+07;258400.00
00BF0F;2017-07-21 09:39:00+07;32700.00
00BF4F;2017-07-01 09:33:00+07;113200.00
00BF87;2017-07-17 05:27:00+07;24400.00
00C024;2017-07-24 14:26:00+07;119500.00
00C04F;2017-07-04 14:05:00+07;35800.00
00C07E;2017-07-06 12:10:00+07;24400.00
00C097;2017-08-09 05:38:00+07;55800.00
00C0B6;2017-08-04 07:05:00+07;399600.00
00C11A;2017-07-03 12:19:00+07;369000.00
00C143;2017-08-05 10:17:00+07;25400.00
00C191;2017-07-06 19:11:00+07;39300.00
00C199;2017-07-18 20:32:00+07;14000.00
00C213;2017-08-03 23:22:00+07;94900.00
00C23F;2017-08-12 08:05:00+07;36000.00
00C242;2017-07-03 18:37:00+07;24700.00
00C252;2017-07-21 09:38:00+07;36200.00
00C278;2017-08-14 16:06:00+07;91600.00
00C2A5;2017-07-04 10:37:00+07;46200.00
00C2E1;2017-08-03 05:20:00+07;142400.00
00C34C;2017-07-28 01:03:00+07;23600.00
00C367;2017-07-17 02:22:00+07;38600.00
00C387;2017-08-10 21:01:00+07;24400.00
00C3B3;2017-08-15 03:07:00+07;22200.00
00C418;2017-07-10 19:24:00+07;39200.00
00C45C;2017-07-11 09:23:00+07;13800.00
00C4CA;2017-08-13 15:24:00+07;52000.00
00C4FE;2017-07-12 07:47:00+07;167400.00
00C57C;2017-08-04 21:30:00+07;149700.00
00C64D;2017-07-24 01:26:00+07;32200.00
00C679;2017-07-27 03:58:00+07;131600.00
00C68E;2017-08-13 12:00:00+07;56000.00
00C6E6;2017-08-04 20:11:00+07;56600.00
00C6F2;2017-07-04 15:33:00+07;25800.00
00C727;2017-07-09 13:00:00+07;45200.00
00C72E;2017-07-09 05:58:00+07;26000.00
00C738;2017-07-28 11:58:00+07;56000.00
00C758;2017-07-09 09:32:00+07;30200.00
00C759;2017-07-17 10:09:00+07;51600.00
00C7B1;2017-08-03 21:30:00+07;73900.00
00C7D5;2017-08-01 10:11:00+07;23800.00
00C811;2017-07-15 11:42:00+07;52900.00
00C812;2017-07-02 20:33:00+07;16400.00
00C82D;2017-07-04 10:38:00+07;23200.00
00C8B6;2017-08-09 13:45:00+07;78300.00
00C8E8;2017-08-08 00:57:00+07;254900.00
00C98E;2017-07-11 12:47:00+07;71300.00
00C9B6;2017-07-19 19:31:00+07;14000.00
00CA37;2017-08-14 19:30:00+07;40800.00
00CA80;2017-07-18 21:30:00+07;50000.00
00CA8B;2017-08-06 19:11:00+07;85000.00
00CABF;2017-08-14 04:33:00+07;193600.00
00CAC2;2017-07-07 23:50:00+07;19000.00
00CAF0;2017-07-02 01:46:00+07;114800.00
00CAF5;2017-07-25 02:25:00+07;36200.00
00CB6A;2017-08-06 05:04:00+07;283100.00
00CBA0;2017-08-14 17:37:00+07;13600.00
00CBE1;2017-07-07 15:54:00+07;76900.00
00CBE2;2017-07-28 11:50:00+07;135400.00
00CCAD;2017-08-08 05:38:00+07;11300.00
00CCBC;2017-07-15 07:06:00+07;64200.00
00CCC6;2017-08-10 11:43:00+07;155600.00
00CCC9;2017-07-04 22:15:00+07;59600.00
00CD91;2017-08-15 01:57:00+07;63600.00
00CD94;2017-07-31 03:15:00+07;186900.00
00CDD3;2017-08-07 06:43:00+07;49600.00
00CDD6;2017-07-09 14:00:00+07;40400.00
00CDFE;2017-08-06 17:43:00+07;129200.00
00CE1C;2017-07-16 13:22:00+07;6300.00
00CE91;2017-07-28 01:59:00+07;27300.00
00CEA1;2017-08-04 10:14:00+07;112200.00
00CEAE;2017-07-05 10:11:00+07;70700.00
00CEB5;2017-07-20 22:22:00+07;109800.00
00CF04;2017-08-14 08:14:00+07;13000.00
00CF0D;2017-08-09 21:11:00+07;172400.00
00CF2F;2017-06-29 14:21:00+07;112600.00
00CF38;2017-07-01 08:23:00+07;26700.00
00D00E;2017-07-06 17:36:00+07;58800.00
00D03D;2017-08-11 05:40:00+07;40000.00
00D07B;2017-07-16 22:57:00+07;25400.00
00D09C;2017-08-11 07:59:00+07;23600.00
00D0A0;2017-08-02 12:57:00+07;594500.00
00D0D4;2017-07-13 08:46:00+07;19600.00
00D138;2017-08-02 05:54:00+07;70500.00
00D1B1;2017-07-16 04:07:00+07;116400.00
00D1D2;2017-07-07 12:32:00+07;16400.00
00D1F7;2017-08-06 02:41:00+07;31600.00
00D1F9;2017-08-12 18:57:00+07;145000.00
00D240;2017-07-11 23:58:00+07;99600.00
00D2C8;2017-07-18 20:17:00+07;131600.00
00D2FF;2017-07-31 04:15:00+07;75600.00
00D309;2017-08-11 17:33:00+07;143600.00
00D367;2017-08-06 04:05:00+07;6700.00
00D380;2017-07-09 13:07:00+07;73600.00
00D396;2017-08-02 19:16:00+07;65900.00
00D413;2017-07-10 13:12:00+07;22000.00
00D4A6;2017-08-15 21:11:00+07;54000.00
00D4A9;2017-08-14 06:48:00+07;54800.00
00D514;2017-07-27 14:16:00+07;37200.00
00D573;2017-07-15 22:20:00+07;45200.00
00D59D;2017-08-15 03:48:00+07;69100.00
00D5AD;2017-07-10 15:28:00+07;6300.00
00D5B8;2017-07-20 13:54:00+07;37600.00
00D5DA;2017-07-04 02:48:00+07;103100.00
00D643;2017-08-13 14:15:00+07;16000.00
00D64E;2017-07-22 18:35:00+07;51300.00
00D697;2017-07-29 17:50:00+07;114600.00
00D75A;2017-07-17 03:21:00+07;20200.00
00D766;2017-07-31 18:26:00+07;36800.00
00D77C;2017-08-13 13:37:00+07;91500.00
00D7EE;2017-08-15 17:22:00+07;33800.00
00D837;2017-07-29 09:38:00+07;79900.00
00D85D;2017-07-15 08:47:00+07;81200.00
00D882;2017-07-12 07:59:00+07;59800.00
00D8D3;2017-07-02 16:04:00+07;67600.00
00D916;2017-07-30 20:41:00+07;28800.00
00D92E;2017-08-13 08:19:00+07;46200.00
00D96A;2017-07-14 02:13:00+07;45100.00
00D984;2017-08-03 06:25:00+07;28000.00
00D9EF;2017-07-29 12:01:00+07;65100.00
00DA58;2017-08-10 23:15:00+07;40800.00
00DA63;2017-08-01 14:19:00+07;12600.00
00DAE4;2017-08-06 16:17:00+07;24000.00
00DAED;2017-08-04 16:21:00+07;67600.00
00DB59;2017-07-31 20:29:00+07;56600.00
00DBC4;2017-08-03 12:09:00+07;12000.00
00DC18;2017-07-14 23:04:00+07;133200.00
00DC51;2017-07-26 16:29:00+07;387300.00
00DC56;2017-07-14 08:48:00+07;80900.00
00DC6F;2017-08-15 16:40:00+07;54500.00
00DC87;2017-08-14 18:44:00+07;42800.00
00DC94;2017-08-08 18:22:00+07;179300.00
00DCB8;2017-08-14 17:25:00+07;54500.00
00DCE0;2017-07-10 14:05:00+07;325500.00
00DD00;2017-08-15 16:16:00+07;26800.00
00DD63;2017-06-30 18:16:00+07;100600.00
00DD74;2017-08-03 14:04:00+07;58000.00
00DD78;2017-07-17 09:44:00+07;193700.00
00DDDA;2017-08-12 03:44:00+07;67100.00
00DDEA;2017-08-09 13:19:00+07;22000.00
00DDEE;2017-07-25 00:17:00+07;20200.00
00DE40;2017-08-05 18:35:00+07;97000.00
00DE63;2017-07-31 01:28:00+07;68900.00
00DE87;2017-07-25 10:16:00+07;62700.00
00DEF1;2017-07-31 00:21:00+07;21800.00
00DF13;2017-07-03 10:28:00+07;66600.00
00DF7A;2017-07-29 09:35:00+07;16400.00
00E028;2017-08-13 15:49:00+07;12800.00
00E059;2017-08-06 15:45:00+07;258400.00
00E0B1;2017-07-29 02:45:00+07;118200.00
00E0B4;2017-07-26 23:32:00+07;46000.00
00E0BE;2017-07-04 11:42:00+07;76800.00
00E11A;2017-07-08 02:19:00+07;285100.00
00E132;2017-07-26 01:29:00+07;201200.00
00E195;2017-07-24 07:19:00+07;30400.00
00E198;2017-07-29 14:58:00+07;135400.00
00E22A;2017-07-17 16:20:00+07;113200.00
00E22F;2017-07-13 19:38:00+07;93400.00
00E24D;2017-07-25 20:13:00+07;79900.00
00E28A;2017-07-17 02:29:00+07;40000.00
00E2A4;2017-06-30 13:04:00+07;532800.00
00E303;2017-08-15 10:18:00+07;87200.00
00E313;2017-07-29 23:04:00+07;49400.00
00E3A1;2017-08-14 09:15:00+07;58400.00
00E3D6;2017-07-30 05:22:00+07;43900.00
00E3E5;2017-07-23 01:04:00+07;369000.00
00E404;2017-07-29 08:44:00+07;26200.00
00E411;2017-08-14 22:08:00+07;160100.00
00E413;2017-08-15 03:04:00+07;27200.00
00E444;2017-07-04 11:12:00+07;145500.00
00E49F;2017-08-02 20:56:00+07;60400.00
00E4FD;2017-07-08 23:33:00+07;118900.00
00E551;2017-08-03 17:53:00+07;120600.00
00E566;2017-07-17 01:28:00+07;91500.00
00E56B;2017-08-12 14:32:00+07;124200.00
00E576;2017-07-14 08:33:00+07;135600.00
00E592;2017-08-07 08:13:00+07;8600.00
00E597;2017-08-08 15:38:00+07;68600.00
00E5DC;2017-08-01 02:18:00+07;58200.00
00E5E8;2017-07-10 09:06:00+07;13400.00
00E603;2017-08-11 15:42:00+07;6000.00
00E648;2017-07-11 23:30:00+07;92800.00
00E6CC;2017-07-14 23:06:00+07;73300.00
00E6D8;2017-07-17 19:08:00+07;44000.00
00E71B;2017-08-02 02:20:00+07;75600.00
00E725;2017-07-10 11:47:00+07;139400.00
00E730;2017-08-01 15:54:00+07;31400.00
00E743;2017-08-12 19:22:00+07;260900.00
00E758;2017-07-04 05:00:00+07;62800.00
00E821;2017-07-19 09:23:00+07;147700.00
00E84F;2017-07-01 23:18:00+07;58700.00
00E867;2017-07-18 07:43:00+07;138100.00
00E885;2017-07-24 13:20:00+07;232500.00
00E8AA;2017-07-17 14:56:00+07;42800.00
00E8BF;2017-07-13 06:01:00+07;58800.00
00E8D6;2017-07-26 21:30:00+07;44800.00
00E9AB;2017-07-01 14:12:00+07;7200.00
00E9D2;2017-07-08 12:51:00+07;101200.00
00E9D6;2017-07-30 17:10:00+07;32200.00
00E9DC;2017-08-03 09:09:00+07;38400.00
00EA00;2017-07-19 07:34:00+07;75200.00
00EAC4;2017-07-31 03:15:00+07;23400.00
00EAD0;2017-07-30 01:52:00+07;103800.00
00EB0D;2017-07-02 22:06:00+07;23200.00
00EB47;2017-07-18 07:33:00+07;246000.00
00EB66;2017-07-22 09:40:00+07;265700.00
00EBC0;2017-08-12 15:55:00+07;125200.00
00EC31;2017-07-14 13:26:00+07;248500.00
00EC69;2017-07-17 02:35:00+07;28000.00
00EC8D;2017-08-10 09:29:00+07;102700.00
00EC9F;2017-07-10 10:09:00+07;91500.00
00ECAB;2017-07-31 02:16:00+07;75300.00
00ED25;2017-08-02 01:17:00+07;24400.00
00ED3C;2017-07-02 15:51:00+07;43400.00
00ED7A;2017-08-09 21:50:00+07;26000.00
00EDF4;2017-08-08 22:33:00+07;20200.00
00EE1A;2017-07-28 12:22:00+07;62600.00
00EE44;2017-07-07 21:07:00+07;269700.00
00EE52;2017-08-14 04:11:00+07;42800.00
00EE6E;2017-08-15 16:28:00+07;336200.00
00EE9F;2017-07-31 02:54:00+07;26000.00
00EF4D;2017-07-26 14:05:00+07;40400.00
00EF5F;2017-08-01 08:39:00+07;75600.00
00EF72;2017-07-08 03:02:00+07;369000.00
00EF8A;2017-07-26 16:00:00+07;112000.00
00EF8D;2017-07-09 21:08:00+07;23200.00
00EFCC;2017-07-08 22:12:00+07;30000.00
00EFE2;2017-08-13 23:25:00+07;138500.00
00EFFB;2017-07-11 12:28:00+07;50800.00
00F023;2017-07-13 06:05:00+07;59800.00
00F03D;2017-06-30 02:12:00+07;19600.00
00F041;2017-07-25 04:53:00+07;99300.00
00F054;2017-08-14 11:42:00+07;129200.00
00F07F;2017-07-17 18:54:00+07;61800.00
00F088;2017-07-05 10:41:00+07;64300.00
00F159;2017-07-08 11:05:00+07;87600.00
00F172;2017-08-09 08:20:00+07;116100.00
00F1CF;2017-07-06 01:29:00+07;24400.00
00F1EF;2017-07-27 19:01:00+07;59000.00
00F20D;2017-07-23 22:19:00+07;81300.00
00F232;2017-07-07 17:25:00+07;62600.00
00F256;2017-07-18 12:35:00+07;73900.00
00F26A;2017-07-06 12:07:00+07;26700.00
00F26D;2017-07-12 13:27:00+07;47500.00
00F2BF;2017-08-07 18:09:00+07;56000.00
00F2E5;2017-08-11 16:31:00+07;26200.00
00F2F1;2017-08-02 08:32:00+07;23400.00
00F31C;2017-07-27 03:03:00+07;84100.00
00F356;2017-08-02 05:18:00+07;62100.00
00F3B9;2017-08-14 11:51:00+07;105000.00
00F3D2;2017-08-03 08:04:00+07;123000.00
00F4EF;2017-07-01 10:01:00+07;28000.00
00F515;2017-06-30 10:44:00+07;20000.00
00F519;2017-07-21 11:33:00+07;135400.00
00F553;2017-07-01 19:33:00+07;56000.00
00F555;2017-07-23 21:00:00+07;61900.00
00F598;2017-07-31 21:54:00+07;177200.00
00F618;2017-07-10 03:36:00+07;99600.00